date,bank,tipo,buy,sell
2026-10-04,Scotiabank,Dólar (US) Canales Digitales*,57,60.9
2026-10-04,Scotiabank,Dólar (US) Sucursales,56.95,60.95
2026-10-04,Banreservas,,57.3,60.8
2026-10-04,Banco Popular,,56.95,60.95
2026-10-04,BHD,,57,60.9
2026-10-04,Banco Caribe,,58.5,60.8
2026-10-04,BDI,,58.25,60.9
2026-10-04,Vimenca,,58.949999999999996,60.949999999999996
2026-10-04,Banesco,,57,60.949999999999996
2026-10-04,Ademi,,58.5,60.9
2026-10-04,Quezada,,59.6,60.949999999999996
2026-10-04,Promerica,,57.7,60.949999999999996
